"","Name","Month","Year","Total","Region","Member","long","lat"
"1","A",1,2014,90,"Auckland",5,174.6724,-36.9055
"2","A",2,2014,26,"Auckland",5,174.6724,-36.9055
"3","A",3,2014,37,"Auckland",5,174.6724,-36.9055
"4","A",4,2014,57,"Auckland",5,174.6724,-36.9055
"5","A",5,2014,91,"Auckland",5,174.6724,-36.9055
"6","A",6,2014,20,"Auckland",5,174.6724,-36.9055
"7","A",7,2014,90,"Auckland",5,174.6724,-36.9055
"8","A",8,2014,95,"Auckland",5,174.6724,-36.9055
"9","A",9,2014,66,"Auckland",5,174.6724,-36.9055
"10","A",10,2014,63,"Auckland",5,174.6724,-36.9055
"11","A",11,2014,6,"Auckland",5,174.6724,-36.9055
"12","A",12,2014,20,"Auckland",5,174.6724,-36.9055
"13","A",1,2015,17,"Auckland",5,174.6724,-36.9055
"14","A",2,2015,69,"Auckland",5,174.6724,-36.9055
"15","A",3,2015,38,"Auckland",5,174.6724,-36.9055
"16","A",4,2015,77,"Auckland",5,174.6724,-36.9055
"17","A",5,2015,50,"Auckland",5,174.6724,-36.9055
"18","A",6,2015,72,"Auckland",5,174.6724,-36.9055
"19","A",7,2015,100,"Auckland",5,174.6724,-36.9055
"20","A",8,2015,38,"Auckland",5,174.6724,-36.9055
"21","A",9,2015,78,"Auckland",5,174.6724,-36.9055
"22","A",10,2015,94,"Auckland",5,174.6724,-36.9055
"23","A",11,2015,21,"Auckland",5,174.6724,-36.9055
"24","A",12,2015,65,"Auckland",5,174.6724,-36.9055
"25","A",1,2016,12,"Auckland",5,174.6724,-36.9055
"26","A",2,2016,26,"Auckland",5,174.6724,-36.9055
"27","A",3,2016,38,"Auckland",5,174.6724,-36.9055
"28","A",4,2016,1,"Auckland",5,174.6724,-36.9055
"29","A",5,2016,38,"Auckland",5,174.6724,-36.9055
"30","A",6,2016,87,"Auckland",5,174.6724,-36.9055
"31","A",7,2016,34,"Auckland",5,174.6724,-36.9055
"32","A",8,2016,48,"Auckland",5,174.6724,-36.9055
"33","A",9,2016,60,"Auckland",5,174.6724,-36.9055
"34","A",10,2016,49,"Auckland",5,174.6724,-36.9055
"35","A",11,2016,18,"Auckland",5,174.6724,-36.9055
"36","A",12,2016,83,"Auckland",5,174.6724,-36.9055
"37","A",1,2017,67,"Auckland",5,174.6724,-36.9055
"38","A",2,2017,80,"Auckland",5,174.6724,-36.9055
"39","A",3,2017,10,"Auckland",5,174.6724,-36.9055
"40","A",4,2017,73,"Auckland",5,174.6724,-36.9055
"41","A",5,2017,41,"Auckland",5,174.6724,-36.9055
"42","A",6,2017,82,"Auckland",5,174.6724,-36.9055
"43","A",7,2017,65,"Auckland",5,174.6724,-36.9055
"44","A",8,2017,79,"Auckland",5,174.6724,-36.9055
"45","A",9,2017,55,"Auckland",5,174.6724,-36.9055
"46","A",10,2017,53,"Auckland",5,174.6724,-36.9055
"47","A",11,2017,79,"Auckland",5,174.6724,-36.9055
"48","A",12,2017,2,"Auckland",5,174.6724,-36.9055
"49","B",1,2014,48,"Bay of Plenty",5,176.1393,-37.6717
"50","B",2,2014,73,"Bay of Plenty",5,176.1393,-37.6717
"51","B",3,2014,69,"Bay of Plenty",5,176.1393,-37.6717
"52","B",4,2014,48,"Bay of Plenty",5,176.1393,-37.6717
"53","B",5,2014,86,"Bay of Plenty",5,176.1393,-37.6717
"54","B",6,2014,44,"Bay of Plenty",5,176.1393,-37.6717
"55","B",7,2014,24,"Bay of Plenty",5,176.1393,-37.6717
"56","B",8,2014,7,"Bay of Plenty",5,176.1393,-37.6717
"57","B",9,2014,10,"Bay of Plenty",5,176.1393,-37.6717
"58","B",10,2014,31,"Bay of Plenty",5,176.1393,-37.6717
"59","B",11,2014,52,"Bay of Plenty",5,176.1393,-37.6717
"60","B",12,2014,66,"Bay of Plenty",5,176.1393,-37.6717
"61","B",1,2015,41,"Bay of Plenty",5,176.1393,-37.6717
"62","B",2,2015,92,"Bay of Plenty",5,176.1393,-37.6717
"63","B",3,2015,29,"Bay of Plenty",5,176.1393,-37.6717
"64","B",4,2015,46,"Bay of Plenty",5,176.1393,-37.6717
"65","B",5,2015,33,"Bay of Plenty",5,176.1393,-37.6717
"66","B",6,2015,65,"Bay of Plenty",5,176.1393,-37.6717
"67","B",7,2015,26,"Bay of Plenty",5,176.1393,-37.6717
"68","B",8,2015,48,"Bay of Plenty",5,176.1393,-37.6717
"69","B",9,2015,77,"Bay of Plenty",5,176.1393,-37.6717
"70","B",10,2015,8,"Bay of Plenty",5,176.1393,-37.6717
"71","B",11,2015,88,"Bay of Plenty",5,176.1393,-37.6717
"72","B",12,2015,34,"Bay of Plenty",5,176.1393,-37.6717
"73","B",1,2016,84,"Bay of Plenty",5,176.1393,-37.6717
"74","B",2,2016,35,"Bay of Plenty",5,176.1393,-37.6717
"75","B",3,2016,33,"Bay of Plenty",5,176.1393,-37.6717
"76","B",4,2016,48,"Bay of Plenty",5,176.1393,-37.6717
"77","B",5,2016,90,"Bay of Plenty",5,176.1393,-37.6717
"78","B",6,2016,87,"Bay of Plenty",5,176.1393,-37.6717
"79","B",7,2016,39,"Bay of Plenty",5,176.1393,-37.6717
"80","B",8,2016,78,"Bay of Plenty",5,176.1393,-37.6717
"81","B",9,2016,97,"Bay of Plenty",5,176.1393,-37.6717
"82","B",10,2016,43,"Bay of Plenty",5,176.1393,-37.6717
"83","B",11,2016,71,"Bay of Plenty",5,176.1393,-37.6717
"84","B",12,2016,40,"Bay of Plenty",5,176.1393,-37.6717
"85","B",1,2017,32,"Bay of Plenty",5,176.1393,-37.6717
"86","B",2,2017,76,"Bay of Plenty",5,176.1393,-37.6717
"87","B",3,2017,20,"Bay of Plenty",5,176.1393,-37.6717
"88","B",4,2017,71,"Bay of Plenty",5,176.1393,-37.6717
"89","B",5,2017,12,"Bay of Plenty",5,176.1393,-37.6717
"90","B",6,2017,24,"Bay of Plenty",5,176.1393,-37.6717
"91","B",7,2017,14,"Bay of Plenty",5,176.1393,-37.6717
"92","B",8,2017,24,"Bay of Plenty",5,176.1393,-37.6717
"93","B",9,2017,5,"Bay of Plenty",5,176.1393,-37.6717
"94","B",10,2017,64,"Bay of Plenty",5,176.1393,-37.6717
"95","B",11,2017,88,"Bay of Plenty",5,176.1393,-37.6717
"96","B",12,2017,78,"Bay of Plenty",5,176.1393,-37.6717
"97","C",1,2014,80,"Canterbury",2,170.1401,-43.5883
"98","C",2,2014,45,"Canterbury",2,170.1401,-43.5883
"99","C",3,2014,41,"Canterbury",2,170.1401,-43.5883
"100","C",4,2014,81,"Canterbury",2,170.1401,-43.5883
"101","C",5,2014,61,"Canterbury",2,170.1401,-43.5883
"102","C",6,2014,66,"Canterbury",2,170.1401,-43.5883
"103","C",7,2014,35,"Canterbury",2,170.1401,-43.5883
"104","C",8,2014,27,"Canterbury",2,170.1401,-43.5883
"105","C",9,2014,100,"Canterbury",2,170.1401,-43.5883
"106","C",10,2014,63,"Canterbury",2,170.1401,-43.5883
"107","C",11,2014,21,"Canterbury",2,170.1401,-43.5883
"108","C",12,2014,13,"Canterbury",2,170.1401,-43.5883
"109","C",1,2015,48,"Canterbury",2,170.1401,-43.5883
"110","C",2,2015,93,"Canterbury",2,170.1401,-43.5883
"111","C",3,2015,60,"Canterbury",2,170.1401,-43.5883
"112","C",4,2015,98,"Canterbury",2,170.1401,-43.5883
"113","C",5,2015,73,"Canterbury",2,170.1401,-43.5883
"114","C",6,2015,36,"Canterbury",2,170.1401,-43.5883
"115","C",7,2015,43,"Canterbury",2,170.1401,-43.5883
"116","C",8,2015,14,"Canterbury",2,170.1401,-43.5883
"117","C",9,2015,1,"Canterbury",2,170.1401,-43.5883
"118","C",10,2015,72,"Canterbury",2,170.1401,-43.5883
"119","C",11,2015,10,"Canterbury",2,170.1401,-43.5883
"120","C",12,2015,45,"Canterbury",2,170.1401,-43.5883
"121","C",1,2016,64,"Canterbury",2,170.1401,-43.5883
"122","C",2,2016,100,"Canterbury",2,170.1401,-43.5883
"123","C",3,2016,50,"Canterbury",2,170.1401,-43.5883
"124","C",4,2016,48,"Canterbury",2,170.1401,-43.5883
"125","C",5,2016,17,"Canterbury",2,170.1401,-43.5883
"126","C",6,2016,76,"Canterbury",2,170.1401,-43.5883
"127","C",7,2016,45,"Canterbury",2,170.1401,-43.5883
"128","C",8,2016,51,"Canterbury",2,170.1401,-43.5883
"129","C",9,2016,20,"Canterbury",2,170.1401,-43.5883
"130","C",10,2016,23,"Canterbury",2,170.1401,-43.5883
"131","C",11,2016,60,"Canterbury",2,170.1401,-43.5883
"132","C",12,2016,58,"Canterbury",2,170.1401,-43.5883
"133","C",1,2017,7,"Canterbury",2,170.1401,-43.5883
"134","C",2,2017,3,"Canterbury",2,170.1401,-43.5883
"135","C",3,2017,64,"Canterbury",2,170.1401,-43.5883
"136","C",4,2017,93,"Canterbury",2,170.1401,-43.5883
"137","C",5,2017,60,"Canterbury",2,170.1401,-43.5883
"138","C",6,2017,56,"Canterbury",2,170.1401,-43.5883
"139","C",7,2017,53,"Canterbury",2,170.1401,-43.5883
"140","C",8,2017,99,"Canterbury",2,170.1401,-43.5883
"141","C",9,2017,51,"Canterbury",2,170.1401,-43.5883
"142","C",10,2017,68,"Canterbury",2,170.1401,-43.5883
"143","C",11,2017,60,"Canterbury",2,170.1401,-43.5883
"144","C",12,2017,24,"Canterbury",2,170.1401,-43.5883
"145","D",1,2014,26,"Hawke's Bay",2,176.8489,-39.5297
"146","D",2,2014,73,"Hawke's Bay",2,176.8489,-39.5297
"147","D",3,2014,45,"Hawke's Bay",2,176.8489,-39.5297
"148","D",4,2014,17,"Hawke's Bay",2,176.8489,-39.5297
"149","D",5,2014,75,"Hawke's Bay",2,176.8489,-39.5297
"150","D",6,2014,10,"Hawke's Bay",2,176.8489,-39.5297
"151","D",7,2014,87,"Hawke's Bay",2,176.8489,-39.5297
"152","D",8,2014,62,"Hawke's Bay",2,176.8489,-39.5297
"153","D",9,2014,56,"Hawke's Bay",2,176.8489,-39.5297
"154","D",10,2014,33,"Hawke's Bay",2,176.8489,-39.5297
"155","D",11,2014,45,"Hawke's Bay",2,176.8489,-39.5297
"156","D",12,2014,50,"Hawke's Bay",2,176.8489,-39.5297
"157","D",1,2015,18,"Hawke's Bay",2,176.8489,-39.5297
"158","D",2,2015,53,"Hawke's Bay",2,176.8489,-39.5297
"159","D",3,2015,7,"Hawke's Bay",2,176.8489,-39.5297
"160","D",4,2015,28,"Hawke's Bay",2,176.8489,-39.5297
"161","D",5,2015,21,"Hawke's Bay",2,176.8489,-39.5297
"162","D",6,2015,28,"Hawke's Bay",2,176.8489,-39.5297
"163","D",7,2015,90,"Hawke's Bay",2,176.8489,-39.5297
"164","D",8,2015,45,"Hawke's Bay",2,176.8489,-39.5297
"165","D",9,2015,78,"Hawke's Bay",2,176.8489,-39.5297
"166","D",10,2015,88,"Hawke's Bay",2,176.8489,-39.5297
"167","D",11,2015,41,"Hawke's Bay",2,176.8489,-39.5297
"168","D",12,2015,6,"Hawke's Bay",2,176.8489,-39.5297
"169","D",1,2016,33,"Hawke's Bay",2,176.8489,-39.5297
"170","D",2,2016,73,"Hawke's Bay",2,176.8489,-39.5297
"171","D",3,2016,34,"Hawke's Bay",2,176.8489,-39.5297
"172","D",4,2016,63,"Hawke's Bay",2,176.8489,-39.5297
"173","D",5,2016,84,"Hawke's Bay",2,176.8489,-39.5297
"174","D",6,2016,86,"Hawke's Bay",2,176.8489,-39.5297
"175","D",7,2016,39,"Hawke's Bay",2,176.8489,-39.5297
"176","D",8,2016,38,"Hawke's Bay",2,176.8489,-39.5297
"177","D",9,2016,90,"Hawke's Bay",2,176.8489,-39.5297
"178","D",10,2016,65,"Hawke's Bay",2,176.8489,-39.5297
"179","D",11,2016,74,"Hawke's Bay",2,176.8489,-39.5297
"180","D",12,2016,61,"Hawke's Bay",2,176.8489,-39.5297
"181","D",1,2017,91,"Hawke's Bay",2,176.8489,-39.5297
"182","D",2,2017,29,"Hawke's Bay",2,176.8489,-39.5297
"183","D",3,2017,19,"Hawke's Bay",2,176.8489,-39.5297
"184","D",4,2017,89,"Hawke's Bay",2,176.8489,-39.5297
"185","D",5,2017,50,"Hawke's Bay",2,176.8489,-39.5297
"186","D",6,2017,88,"Hawke's Bay",2,176.8489,-39.5297
"187","D",7,2017,19,"Hawke's Bay",2,176.8489,-39.5297
"188","D",8,2017,76,"Hawke's Bay",2,176.8489,-39.5297
"189","D",9,2017,73,"Hawke's Bay",2,176.8489,-39.5297
"190","D",10,2017,95,"Hawke's Bay",2,176.8489,-39.5297
"191","D",11,2017,55,"Hawke's Bay",2,176.8489,-39.5297
"192","D",12,2017,71,"Hawke's Bay",2,176.8489,-39.5297
"193","E",1,2014,39,"Manawatu-Wanganui",2,175.6578,-39.1313
"194","E",2,2014,10,"Manawatu-Wanganui",2,175.6578,-39.1313
"195","E",3,2014,93,"Manawatu-Wanganui",2,175.6578,-39.1313
"196","E",4,2014,28,"Manawatu-Wanganui",2,175.6578,-39.1313
"197","E",5,2014,59,"Manawatu-Wanganui",2,175.6578,-39.1313
"198","E",6,2014,11,"Manawatu-Wanganui",2,175.6578,-39.1313
"199","E",7,2014,84,"Manawatu-Wanganui",2,175.6578,-39.1313
"200","E",8,2014,32,"Manawatu-Wanganui",2,175.6578,-39.1313
"201","E",9,2014,79,"Manawatu-Wanganui",2,175.6578,-39.1313
"202","E",10,2014,27,"Manawatu-Wanganui",2,175.6578,-39.1313
"203","E",11,2014,22,"Manawatu-Wanganui",2,175.6578,-39.1313
"204","E",12,2014,52,"Manawatu-Wanganui",2,175.6578,-39.1313
"205","E",1,2015,27,"Manawatu-Wanganui",2,175.6578,-39.1313
"206","E",2,2015,18,"Manawatu-Wanganui",2,175.6578,-39.1313
"207","E",3,2015,52,"Manawatu-Wanganui",2,175.6578,-39.1313
"208","E",4,2015,56,"Manawatu-Wanganui",2,175.6578,-39.1313
"209","E",5,2015,13,"Manawatu-Wanganui",2,175.6578,-39.1313
"210","E",6,2015,25,"Manawatu-Wanganui",2,175.6578,-39.1313
"211","E",7,2015,72,"Manawatu-Wanganui",2,175.6578,-39.1313
"212","E",8,2015,97,"Manawatu-Wanganui",2,175.6578,-39.1313
"213","E",9,2015,10,"Manawatu-Wanganui",2,175.6578,-39.1313
"214","E",10,2015,77,"Manawatu-Wanganui",2,175.6578,-39.1313
"215","E",11,2015,95,"Manawatu-Wanganui",2,175.6578,-39.1313
"216","E",12,2015,82,"Manawatu-Wanganui",2,175.6578,-39.1313
"217","E",1,2016,31,"Manawatu-Wanganui",2,175.6578,-39.1313
"218","E",2,2016,65,"Manawatu-Wanganui",2,175.6578,-39.1313
"219","E",3,2016,96,"Manawatu-Wanganui",2,175.6578,-39.1313
"220","E",4,2016,96,"Manawatu-Wanganui",2,175.6578,-39.1313
"221","E",5,2016,34,"Manawatu-Wanganui",2,175.6578,-39.1313
"222","E",6,2016,26,"Manawatu-Wanganui",2,175.6578,-39.1313
"223","E",7,2016,16,"Manawatu-Wanganui",2,175.6578,-39.1313
"224","E",8,2016,32,"Manawatu-Wanganui",2,175.6578,-39.1313
"225","E",9,2016,51,"Manawatu-Wanganui",2,175.6578,-39.1313
"226","E",10,2016,93,"Manawatu-Wanganui",2,175.6578,-39.1313
"227","E",11,2016,51,"Manawatu-Wanganui",2,175.6578,-39.1313
"228","E",12,2016,30,"Manawatu-Wanganui",2,175.6578,-39.1313
"229","E",1,2017,4,"Manawatu-Wanganui",2,175.6578,-39.1313
"230","E",2,2017,42,"Manawatu-Wanganui",2,175.6578,-39.1313
"231","E",3,2017,86,"Manawatu-Wanganui",2,175.6578,-39.1313
"232","E",4,2017,35,"Manawatu-Wanganui",2,175.6578,-39.1313
"233","E",5,2017,13,"Manawatu-Wanganui",2,175.6578,-39.1313
"234","E",6,2017,37,"Manawatu-Wanganui",2,175.6578,-39.1313
"235","E",7,2017,63,"Manawatu-Wanganui",2,175.6578,-39.1313
"236","E",8,2017,39,"Manawatu-Wanganui",2,175.6578,-39.1313
"237","E",9,2017,69,"Manawatu-Wanganui",2,175.6578,-39.1313
"238","E",10,2017,69,"Manawatu-Wanganui",2,175.6578,-39.1313
"239","E",11,2017,56,"Manawatu-Wanganui",2,175.6578,-39.1313
"240","E",12,2017,43,"Manawatu-Wanganui",2,175.6578,-39.1313
"241","F",1,2014,45,"Northland",5,174.3223,-35.7047
"242","F",2,2014,30,"Northland",5,174.3223,-35.7047
"243","F",3,2014,58,"Northland",5,174.3223,-35.7047
"244","F",4,2014,91,"Northland",5,174.3223,-35.7047
"245","F",5,2014,14,"Northland",5,174.3223,-35.7047
"246","F",6,2014,41,"Northland",5,174.3223,-35.7047
"247","F",7,2014,21,"Northland",5,174.3223,-35.7047
"248","F",8,2014,43,"Northland",5,174.3223,-35.7047
"249","F",9,2014,13,"Northland",5,174.3223,-35.7047
"250","F",10,2014,46,"Northland",5,174.3223,-35.7047
"251","F",11,2014,95,"Northland",5,174.3223,-35.7047
"252","F",12,2014,76,"Northland",5,174.3223,-35.7047
"253","F",1,2015,94,"Northland",5,174.3223,-35.7047
"254","F",2,2015,47,"Northland",5,174.3223,-35.7047
"255","F",3,2015,60,"Northland",5,174.3223,-35.7047
"256","F",4,2015,48,"Northland",5,174.3223,-35.7047
"257","F",5,2015,10,"Northland",5,174.3223,-35.7047
"258","F",6,2015,25,"Northland",5,174.3223,-35.7047
"259","F",7,2015,50,"Northland",5,174.3223,-35.7047
"260","F",8,2015,37,"Northland",5,174.3223,-35.7047
"261","F",9,2015,94,"Northland",5,174.3223,-35.7047
"262","F",10,2015,52,"Northland",5,174.3223,-35.7047
"263","F",11,2015,32,"Northland",5,174.3223,-35.7047
"264","F",12,2015,28,"Northland",5,174.3223,-35.7047
"265","F",1,2016,79,"Northland",5,174.3223,-35.7047
"266","F",2,2016,70,"Northland",5,174.3223,-35.7047
"267","F",3,2016,16,"Northland",5,174.3223,-35.7047
"268","F",4,2016,6,"Northland",5,174.3223,-35.7047
"269","F",5,2016,76,"Northland",5,174.3223,-35.7047
"270","F",6,2016,62,"Northland",5,174.3223,-35.7047
"271","F",7,2016,17,"Northland",5,174.3223,-35.7047
"272","F",8,2016,6,"Northland",5,174.3223,-35.7047
"273","F",9,2016,11,"Northland",5,174.3223,-35.7047
"274","F",10,2016,38,"Northland",5,174.3223,-35.7047
"275","F",11,2016,17,"Northland",5,174.3223,-35.7047
"276","F",12,2016,30,"Northland",5,174.3223,-35.7047
"277","F",1,2017,19,"Northland",5,174.3223,-35.7047
"278","F",2,2017,25,"Northland",5,174.3223,-35.7047
"279","F",3,2017,18,"Northland",5,174.3223,-35.7047
"280","F",4,2017,48,"Northland",5,174.3223,-35.7047
"281","F",5,2017,77,"Northland",5,174.3223,-35.7047
"282","F",6,2017,2,"Northland",5,174.3223,-35.7047
"283","F",7,2017,53,"Northland",5,174.3223,-35.7047
"284","F",8,2017,88,"Northland",5,174.3223,-35.7047
"285","F",9,2017,37,"Northland",5,174.3223,-35.7047
"286","F",10,2017,4,"Northland",5,174.3223,-35.7047
"287","F",11,2017,14,"Northland",5,174.3223,-35.7047
"288","F",12,2017,32,"Northland",5,174.3223,-35.7047
"289","G",1,2014,15,"Otago",5,170.4842,-45.9028
"290","G",2,2014,13,"Otago",5,170.4842,-45.9028
"291","G",3,2014,22,"Otago",5,170.4842,-45.9028
"292","G",4,2014,22,"Otago",5,170.4842,-45.9028
"293","G",5,2014,13,"Otago",5,170.4842,-45.9028
"294","G",6,2014,99,"Otago",5,170.4842,-45.9028
"295","G",7,2014,33,"Otago",5,170.4842,-45.9028
"296","G",8,2014,51,"Otago",5,170.4842,-45.9028
"297","G",9,2014,68,"Otago",5,170.4842,-45.9028
"298","G",10,2014,10,"Otago",5,170.4842,-45.9028
"299","G",11,2014,12,"Otago",5,170.4842,-45.9028
"300","G",12,2014,5,"Otago",5,170.4842,-45.9028
"301","G",1,2015,93,"Otago",5,170.4842,-45.9028
"302","G",2,2015,68,"Otago",5,170.4842,-45.9028
"303","G",3,2015,9,"Otago",5,170.4842,-45.9028
"304","G",4,2015,49,"Otago",5,170.4842,-45.9028
"305","G",5,2015,46,"Otago",5,170.4842,-45.9028
"306","G",6,2015,37,"Otago",5,170.4842,-45.9028
"307","G",7,2015,100,"Otago",5,170.4842,-45.9028
"308","G",8,2015,17,"Otago",5,170.4842,-45.9028
"309","G",9,2015,82,"Otago",5,170.4842,-45.9028
"310","G",10,2015,6,"Otago",5,170.4842,-45.9028
"311","G",11,2015,40,"Otago",5,170.4842,-45.9028
"312","G",12,2015,14,"Otago",5,170.4842,-45.9028
"313","G",1,2016,19,"Otago",5,170.4842,-45.9028
"314","G",2,2016,84,"Otago",5,170.4842,-45.9028
"315","G",3,2016,72,"Otago",5,170.4842,-45.9028
"316","G",4,2016,26,"Otago",5,170.4842,-45.9028
"317","G",5,2016,49,"Otago",5,170.4842,-45.9028
"318","G",6,2016,8,"Otago",5,170.4842,-45.9028
"319","G",7,2016,35,"Otago",5,170.4842,-45.9028
"320","G",8,2016,97,"Otago",5,170.4842,-45.9028
"321","G",9,2016,63,"Otago",5,170.4842,-45.9028
"322","G",10,2016,67,"Otago",5,170.4842,-45.9028
"323","G",11,2016,31,"Otago",5,170.4842,-45.9028
"324","G",12,2016,40,"Otago",5,170.4842,-45.9028
"325","G",1,2017,100,"Otago",5,170.4842,-45.9028
"326","G",2,2017,86,"Otago",5,170.4842,-45.9028
"327","G",3,2017,96,"Otago",5,170.4842,-45.9028
"328","G",4,2017,82,"Otago",5,170.4842,-45.9028
"329","G",5,2017,79,"Otago",5,170.4842,-45.9028
"330","G",6,2017,27,"Otago",5,170.4842,-45.9028
"331","G",7,2017,76,"Otago",5,170.4842,-45.9028
"332","G",8,2017,99,"Otago",5,170.4842,-45.9028
"333","G",9,2017,29,"Otago",5,170.4842,-45.9028
"334","G",10,2017,40,"Otago",5,170.4842,-45.9028
"335","G",11,2017,82,"Otago",5,170.4842,-45.9028
"336","G",12,2017,7,"Otago",5,170.4842,-45.9028
"337","H",1,2014,36,"Southland",3,167.7994,-45.6166
"338","H",2,2014,44,"Southland",3,167.7994,-45.6166
"339","H",3,2014,15,"Southland",3,167.7994,-45.6166
"340","H",4,2014,58,"Southland",3,167.7994,-45.6166
"341","H",5,2014,97,"Southland",3,167.7994,-45.6166
"342","H",6,2014,99,"Southland",3,167.7994,-45.6166
"343","H",7,2014,17,"Southland",3,167.7994,-45.6166
"344","H",8,2014,54,"Southland",3,167.7994,-45.6166
"345","H",9,2014,38,"Southland",3,167.7994,-45.6166
"346","H",10,2014,68,"Southland",3,167.7994,-45.6166
"347","H",11,2014,27,"Southland",3,167.7994,-45.6166
"348","H",12,2014,47,"Southland",3,167.7994,-45.6166
"349","H",1,2015,17,"Southland",3,167.7994,-45.6166
"350","H",2,2015,37,"Southland",3,167.7994,-45.6166
"351","H",3,2015,73,"Southland",3,167.7994,-45.6166
"352","H",4,2015,49,"Southland",3,167.7994,-45.6166
"353","H",5,2015,6,"Southland",3,167.7994,-45.6166
"354","H",6,2015,79,"Southland",3,167.7994,-45.6166
"355","H",7,2015,42,"Southland",3,167.7994,-45.6166
"356","H",8,2015,99,"Southland",3,167.7994,-45.6166
"357","H",9,2015,28,"Southland",3,167.7994,-45.6166
"358","H",10,2015,85,"Southland",3,167.7994,-45.6166
"359","H",11,2015,8,"Southland",3,167.7994,-45.6166
"360","H",12,2015,89,"Southland",3,167.7994,-45.6166
"361","H",1,2016,47,"Southland",3,167.7994,-45.6166
"362","H",2,2016,11,"Southland",3,167.7994,-45.6166
"363","H",3,2016,33,"Southland",3,167.7994,-45.6166
"364","H",4,2016,84,"Southland",3,167.7994,-45.6166
"365","H",5,2016,27,"Southland",3,167.7994,-45.6166
"366","H",6,2016,59,"Southland",3,167.7994,-45.6166
"367","H",7,2016,84,"Southland",3,167.7994,-45.6166
"368","H",8,2016,7,"Southland",3,167.7994,-45.6166
"369","H",9,2016,70,"Southland",3,167.7994,-45.6166
"370","H",10,2016,70,"Southland",3,167.7994,-45.6166
"371","H",11,2016,46,"Southland",3,167.7994,-45.6166
"372","H",12,2016,44,"Southland",3,167.7994,-45.6166
"373","H",1,2017,56,"Southland",3,167.7994,-45.6166
"374","H",2,2017,93,"Southland",3,167.7994,-45.6166
"375","H",3,2017,23,"Southland",3,167.7994,-45.6166
"376","H",4,2017,22,"Southland",3,167.7994,-45.6166
"377","H",5,2017,42,"Southland",3,167.7994,-45.6166
"378","H",6,2017,33,"Southland",3,167.7994,-45.6166
"379","H",7,2017,87,"Southland",3,167.7994,-45.6166
"380","H",8,2017,17,"Southland",3,167.7994,-45.6166
"381","H",9,2017,49,"Southland",3,167.7994,-45.6166
"382","H",10,2017,43,"Southland",3,167.7994,-45.6166
"383","H",11,2017,56,"Southland",3,167.7994,-45.6166
"384","H",12,2017,66,"Southland",3,167.7994,-45.6166
"385","I",1,2014,98,"Taranaki",2,174.0602,-39.0609
"386","I",2,2014,23,"Taranaki",2,174.0602,-39.0609
"387","I",3,2014,24,"Taranaki",2,174.0602,-39.0609
"388","I",4,2014,80,"Taranaki",2,174.0602,-39.0609
"389","I",5,2014,83,"Taranaki",2,174.0602,-39.0609
"390","I",6,2014,11,"Taranaki",2,174.0602,-39.0609
"391","I",7,2014,97,"Taranaki",2,174.0602,-39.0609
"392","I",8,2014,14,"Taranaki",2,174.0602,-39.0609
"393","I",9,2014,14,"Taranaki",2,174.0602,-39.0609
"394","I",10,2014,93,"Taranaki",2,174.0602,-39.0609
"395","I",11,2014,51,"Taranaki",2,174.0602,-39.0609
"396","I",12,2014,15,"Taranaki",2,174.0602,-39.0609
"397","I",1,2015,35,"Taranaki",2,174.0602,-39.0609
"398","I",2,2015,66,"Taranaki",2,174.0602,-39.0609
"399","I",3,2015,31,"Taranaki",2,174.0602,-39.0609
"400","I",4,2015,35,"Taranaki",2,174.0602,-39.0609
"401","I",5,2015,14,"Taranaki",2,174.0602,-39.0609
"402","I",6,2015,66,"Taranaki",2,174.0602,-39.0609
"403","I",7,2015,18,"Taranaki",2,174.0602,-39.0609
"404","I",8,2015,96,"Taranaki",2,174.0602,-39.0609
"405","I",9,2015,90,"Taranaki",2,174.0602,-39.0609
"406","I",10,2015,95,"Taranaki",2,174.0602,-39.0609
"407","I",11,2015,73,"Taranaki",2,174.0602,-39.0609
"408","I",12,2015,37,"Taranaki",2,174.0602,-39.0609
"409","I",1,2016,78,"Taranaki",2,174.0602,-39.0609
"410","I",2,2016,1,"Taranaki",2,174.0602,-39.0609
"411","I",3,2016,94,"Taranaki",2,174.0602,-39.0609
"412","I",4,2016,100,"Taranaki",2,174.0602,-39.0609
"413","I",5,2016,36,"Taranaki",2,174.0602,-39.0609
"414","I",6,2016,75,"Taranaki",2,174.0602,-39.0609
"415","I",7,2016,80,"Taranaki",2,174.0602,-39.0609
"416","I",8,2016,71,"Taranaki",2,174.0602,-39.0609
"417","I",9,2016,48,"Taranaki",2,174.0602,-39.0609
"418","I",10,2016,49,"Taranaki",2,174.0602,-39.0609
"419","I",11,2016,31,"Taranaki",2,174.0602,-39.0609
"420","I",12,2016,70,"Taranaki",2,174.0602,-39.0609
"421","I",1,2017,83,"Taranaki",2,174.0602,-39.0609
"422","I",2,2017,43,"Taranaki",2,174.0602,-39.0609
"423","I",3,2017,51,"Taranaki",2,174.0602,-39.0609
"424","I",4,2017,66,"Taranaki",2,174.0602,-39.0609
"425","I",5,2017,14,"Taranaki",2,174.0602,-39.0609
"426","I",6,2017,34,"Taranaki",2,174.0602,-39.0609
"427","I",7,2017,40,"Taranaki",2,174.0602,-39.0609
"428","I",8,2017,8,"Taranaki",2,174.0602,-39.0609
"429","I",9,2017,94,"Taranaki",2,174.0602,-39.0609
"430","I",10,2017,84,"Taranaki",2,174.0602,-39.0609
"431","I",11,2017,88,"Taranaki",2,174.0602,-39.0609
"432","I",12,2017,94,"Taranaki",2,174.0602,-39.0609
"433","J",1,2014,7,"Tasman",3,172.8973,-40.7549
"434","J",2,2014,38,"Tasman",3,172.8973,-40.7549
"435","J",3,2014,54,"Tasman",3,172.8973,-40.7549
"436","J",4,2014,10,"Tasman",3,172.8973,-40.7549
"437","J",5,2014,80,"Tasman",3,172.8973,-40.7549
"438","J",6,2014,74,"Tasman",3,172.8973,-40.7549
"439","J",7,2014,5,"Tasman",3,172.8973,-40.7549
"440","J",8,2014,48,"Tasman",3,172.8973,-40.7549
"441","J",9,2014,92,"Tasman",3,172.8973,-40.7549
"442","J",10,2014,4,"Tasman",3,172.8973,-40.7549
"443","J",11,2014,29,"Tasman",3,172.8973,-40.7549
"444","J",12,2014,50,"Tasman",3,172.8973,-40.7549
"445","J",1,2015,61,"Tasman",3,172.8973,-40.7549
"446","J",2,2015,26,"Tasman",3,172.8973,-40.7549
"447","J",3,2015,42,"Tasman",3,172.8973,-40.7549
"448","J",4,2015,37,"Tasman",3,172.8973,-40.7549
"449","J",5,2015,95,"Tasman",3,172.8973,-40.7549
"450","J",6,2015,12,"Tasman",3,172.8973,-40.7549
"451","J",7,2015,7,"Tasman",3,172.8973,-40.7549
"452","J",8,2015,97,"Tasman",3,172.8973,-40.7549
"453","J",9,2015,44,"Tasman",3,172.8973,-40.7549
"454","J",10,2015,37,"Tasman",3,172.8973,-40.7549
"455","J",11,2015,14,"Tasman",3,172.8973,-40.7549
"456","J",12,2015,5,"Tasman",3,172.8973,-40.7549
"457","J",1,2016,66,"Tasman",3,172.8973,-40.7549
"458","J",2,2016,58,"Tasman",3,172.8973,-40.7549
"459","J",3,2016,99,"Tasman",3,172.8973,-40.7549
"460","J",4,2016,60,"Tasman",3,172.8973,-40.7549
"461","J",5,2016,6,"Tasman",3,172.8973,-40.7549
"462","J",6,2016,16,"Tasman",3,172.8973,-40.7549
"463","J",7,2016,48,"Tasman",3,172.8973,-40.7549
"464","J",8,2016,0,"Tasman",3,172.8973,-40.7549
"465","J",9,2016,44,"Tasman",3,172.8973,-40.7549
"466","J",10,2016,26,"Tasman",3,172.8973,-40.7549
"467","J",11,2016,94,"Tasman",3,172.8973,-40.7549
"468","J",12,2016,72,"Tasman",3,172.8973,-40.7549
"469","J",1,2017,16,"Tasman",3,172.8973,-40.7549
"470","J",2,2017,48,"Tasman",3,172.8973,-40.7549
"471","J",3,2017,69,"Tasman",3,172.8973,-40.7549
"472","J",4,2017,46,"Tasman",3,172.8973,-40.7549
"473","J",5,2017,96,"Tasman",3,172.8973,-40.7549
"474","J",6,2017,71,"Tasman",3,172.8973,-40.7549
"475","J",7,2017,40,"Tasman",3,172.8973,-40.7549
"476","J",8,2017,11,"Tasman",3,172.8973,-40.7549
"477","J",9,2017,24,"Tasman",3,172.8973,-40.7549
"478","J",10,2017,87,"Tasman",3,172.8973,-40.7549
"479","J",11,2017,44,"Tasman",3,172.8973,-40.7549
"480","J",12,2017,50,"Tasman",3,172.8973,-40.7549
"481","K",1,2014,69,"Waikato",4,174.9584,-38.4301
"482","K",2,2014,76,"Waikato",4,174.9584,-38.4301
"483","K",3,2014,15,"Waikato",4,174.9584,-38.4301
"484","K",4,2014,85,"Waikato",4,174.9584,-38.4301
"485","K",5,2014,95,"Waikato",4,174.9584,-38.4301
"486","K",6,2014,59,"Waikato",4,174.9584,-38.4301
"487","K",7,2014,50,"Waikato",4,174.9584,-38.4301
"488","K",8,2014,19,"Waikato",4,174.9584,-38.4301
"489","K",9,2014,0,"Waikato",4,174.9584,-38.4301
"490","K",10,2014,88,"Waikato",4,174.9584,-38.4301
"491","K",11,2014,13,"Waikato",4,174.9584,-38.4301
"492","K",12,2014,2,"Waikato",4,174.9584,-38.4301
"493","K",1,2015,94,"Waikato",4,174.9584,-38.4301
"494","K",2,2015,29,"Waikato",4,174.9584,-38.4301
"495","K",3,2015,16,"Waikato",4,174.9584,-38.4301
"496","K",4,2015,40,"Waikato",4,174.9584,-38.4301
"497","K",5,2015,46,"Waikato",4,174.9584,-38.4301
"498","K",6,2015,43,"Waikato",4,174.9584,-38.4301
"499","K",7,2015,52,"Waikato",4,174.9584,-38.4301
"500","K",8,2015,85,"Waikato",4,174.9584,-38.4301
"501","K",9,2015,5,"Waikato",4,174.9584,-38.4301
"502","K",10,2015,55,"Waikato",4,174.9584,-38.4301
"503","K",11,2015,69,"Waikato",4,174.9584,-38.4301
"504","K",12,2015,66,"Waikato",4,174.9584,-38.4301
"505","K",1,2016,66,"Waikato",4,174.9584,-38.4301
"506","K",2,2016,47,"Waikato",4,174.9584,-38.4301
"507","K",3,2016,97,"Waikato",4,174.9584,-38.4301
"508","K",4,2016,40,"Waikato",4,174.9584,-38.4301
"509","K",5,2016,85,"Waikato",4,174.9584,-38.4301
"510","K",6,2016,76,"Waikato",4,174.9584,-38.4301
"511","K",7,2016,53,"Waikato",4,174.9584,-38.4301
"512","K",8,2016,88,"Waikato",4,174.9584,-38.4301
"513","K",9,2016,47,"Waikato",4,174.9584,-38.4301
"514","K",10,2016,0,"Waikato",4,174.9584,-38.4301
"515","K",11,2016,73,"Waikato",4,174.9584,-38.4301
"516","K",12,2016,72,"Waikato",4,174.9584,-38.4301
"517","K",1,2017,18,"Waikato",4,174.9584,-38.4301
"518","K",2,2017,65,"Waikato",4,174.9584,-38.4301
"519","K",3,2017,54,"Waikato",4,174.9584,-38.4301
"520","K",4,2017,33,"Waikato",4,174.9584,-38.4301
"521","K",5,2017,64,"Waikato",4,174.9584,-38.4301
"522","K",6,2017,83,"Waikato",4,174.9584,-38.4301
"523","K",7,2017,71,"Waikato",4,174.9584,-38.4301
"524","K",8,2017,35,"Waikato",4,174.9584,-38.4301
"525","K",9,2017,12,"Waikato",4,174.9584,-38.4301
"526","K",10,2017,39,"Waikato",4,174.9584,-38.4301
"527","K",11,2017,93,"Waikato",4,174.9584,-38.4301
"528","K",12,2017,81,"Waikato",4,174.9584,-38.4301
"529","L",1,2014,76,"Wellington",5,174.7647,-41.288
"530","L",2,2014,96,"Wellington",5,174.7647,-41.288
"531","L",3,2014,100,"Wellington",5,174.7647,-41.288
"532","L",4,2014,61,"Wellington",5,174.7647,-41.288
"533","L",5,2014,2,"Wellington",5,174.7647,-41.288
"534","L",6,2014,33,"Wellington",5,174.7647,-41.288
"535","L",7,2014,28,"Wellington",5,174.7647,-41.288
"536","L",8,2014,11,"Wellington",5,174.7647,-41.288
"537","L",9,2014,4,"Wellington",5,174.7647,-41.288
"538","L",10,2014,37,"Wellington",5,174.7647,-41.288
"539","L",11,2014,34,"Wellington",5,174.7647,-41.288
"540","L",12,2014,17,"Wellington",5,174.7647,-41.288
"541","L",1,2015,62,"Wellington",5,174.7647,-41.288
"542","L",2,2015,40,"Wellington",5,174.7647,-41.288
"543","L",3,2015,96,"Wellington",5,174.7647,-41.288
"544","L",4,2015,65,"Wellington",5,174.7647,-41.288
"545","L",5,2015,33,"Wellington",5,174.7647,-41.288
"546","L",6,2015,19,"Wellington",5,174.7647,-41.288
"547","L",7,2015,11,"Wellington",5,174.7647,-41.288
"548","L",8,2015,100,"Wellington",5,174.7647,-41.288
"549","L",9,2015,38,"Wellington",5,174.7647,-41.288
"550","L",10,2015,56,"Wellington",5,174.7647,-41.288
"551","L",11,2015,74,"Wellington",5,174.7647,-41.288
"552","L",12,2015,87,"Wellington",5,174.7647,-41.288
"553","L",1,2016,57,"Wellington",5,174.7647,-41.288
"554","L",2,2016,1,"Wellington",5,174.7647,-41.288
"555","L",3,2016,91,"Wellington",5,174.7647,-41.288
"556","L",4,2016,77,"Wellington",5,174.7647,-41.288
"557","L",5,2016,38,"Wellington",5,174.7647,-41.288
"558","L",6,2016,9,"Wellington",5,174.7647,-41.288
"559","L",7,2016,5,"Wellington",5,174.7647,-41.288
"560","L",8,2016,82,"Wellington",5,174.7647,-41.288
"561","L",9,2016,83,"Wellington",5,174.7647,-41.288
"562","L",10,2016,66,"Wellington",5,174.7647,-41.288
"563","L",11,2016,13,"Wellington",5,174.7647,-41.288
"564","L",12,2016,34,"Wellington",5,174.7647,-41.288
"565","L",1,2017,73,"Wellington",5,174.7647,-41.288
"566","L",2,2017,91,"Wellington",5,174.7647,-41.288
"567","L",3,2017,70,"Wellington",5,174.7647,-41.288
"568","L",4,2017,24,"Wellington",5,174.7647,-41.288
"569","L",5,2017,65,"Wellington",5,174.7647,-41.288
"570","L",6,2017,28,"Wellington",5,174.7647,-41.288
"571","L",7,2017,96,"Wellington",5,174.7647,-41.288
"572","L",8,2017,15,"Wellington",5,174.7647,-41.288
"573","L",9,2017,42,"Wellington",5,174.7647,-41.288
"574","L",10,2017,25,"Wellington",5,174.7647,-41.288
"575","L",11,2017,9,"Wellington",5,174.7647,-41.288
"576","L",12,2017,83,"Wellington",5,174.7647,-41.288
"577","M",1,2014,53,"West Coast",2,171.8157,-41.9461
"578","M",2,2014,67,"West Coast",2,171.8157,-41.9461
"579","M",3,2014,41,"West Coast",2,171.8157,-41.9461
"580","M",4,2014,85,"West Coast",2,171.8157,-41.9461
"581","M",5,2014,74,"West Coast",2,171.8157,-41.9461
"582","M",6,2014,35,"West Coast",2,171.8157,-41.9461
"583","M",7,2014,95,"West Coast",2,171.8157,-41.9461
"584","M",8,2014,65,"West Coast",2,171.8157,-41.9461
"585","M",9,2014,3,"West Coast",2,171.8157,-41.9461
"586","M",10,2014,60,"West Coast",2,171.8157,-41.9461
"587","M",11,2014,41,"West Coast",2,171.8157,-41.9461
"588","M",12,2014,7,"West Coast",2,171.8157,-41.9461
"589","M",1,2015,53,"West Coast",2,171.8157,-41.9461
"590","M",2,2015,97,"West Coast",2,171.8157,-41.9461
"591","M",3,2015,71,"West Coast",2,171.8157,-41.9461
"592","M",4,2015,55,"West Coast",2,171.8157,-41.9461
"593","M",5,2015,24,"West Coast",2,171.8157,-41.9461
"594","M",6,2015,78,"West Coast",2,171.8157,-41.9461
"595","M",7,2015,65,"West Coast",2,171.8157,-41.9461
"596","M",8,2015,83,"West Coast",2,171.8157,-41.9461
"597","M",9,2015,65,"West Coast",2,171.8157,-41.9461
"598","M",10,2015,48,"West Coast",2,171.8157,-41.9461
"599","M",11,2015,50,"West Coast",2,171.8157,-41.9461
"600","M",12,2015,38,"West Coast",2,171.8157,-41.9461
"601","M",1,2016,45,"West Coast",2,171.8157,-41.9461
"602","M",2,2016,82,"West Coast",2,171.8157,-41.9461
"603","M",3,2016,93,"West Coast",2,171.8157,-41.9461
"604","M",4,2016,14,"West Coast",2,171.8157,-41.9461
"605","M",5,2016,75,"West Coast",2,171.8157,-41.9461
"606","M",6,2016,98,"West Coast",2,171.8157,-41.9461
"607","M",7,2016,98,"West Coast",2,171.8157,-41.9461
"608","M",8,2016,35,"West Coast",2,171.8157,-41.9461
"609","M",9,2016,39,"West Coast",2,171.8157,-41.9461
"610","M",10,2016,96,"West Coast",2,171.8157,-41.9461
"611","M",11,2016,10,"West Coast",2,171.8157,-41.9461
"612","M",12,2016,94,"West Coast",2,171.8157,-41.9461
"613","M",1,2017,34,"West Coast",2,171.8157,-41.9461
"614","M",2,2017,53,"West Coast",2,171.8157,-41.9461
"615","M",3,2017,54,"West Coast",2,171.8157,-41.9461
"616","M",4,2017,72,"West Coast",2,171.8157,-41.9461
"617","M",5,2017,40,"West Coast",2,171.8157,-41.9461
"618","M",6,2017,15,"West Coast",2,171.8157,-41.9461
"619","M",7,2017,34,"West Coast",2,171.8157,-41.9461
"620","M",8,2017,63,"West Coast",2,171.8157,-41.9461
"621","M",9,2017,5,"West Coast",2,171.8157,-41.9461
"622","M",10,2017,86,"West Coast",2,171.8157,-41.9461
"623","M",11,2017,21,"West Coast",2,171.8157,-41.9461
"624","M",12,2017,77,"West Coast",2,171.8157,-41.9461
"625","N",1,2014,13,"Auckland",2,174.6724,-36.9055
"626","N",2,2014,32,"Auckland",2,174.6724,-36.9055
"627","N",3,2014,62,"Auckland",2,174.6724,-36.9055
"628","N",4,2014,25,"Auckland",2,174.6724,-36.9055
"629","N",5,2014,64,"Auckland",2,174.6724,-36.9055
"630","N",6,2014,49,"Auckland",2,174.6724,-36.9055
"631","N",7,2014,94,"Auckland",2,174.6724,-36.9055
"632","N",8,2014,86,"Auckland",2,174.6724,-36.9055
"633","N",9,2014,37,"Auckland",2,174.6724,-36.9055
"634","N",10,2014,31,"Auckland",2,174.6724,-36.9055
"635","N",11,2014,83,"Auckland",2,174.6724,-36.9055
"636","N",12,2014,45,"Auckland",2,174.6724,-36.9055
"637","N",1,2015,31,"Auckland",2,174.6724,-36.9055
"638","N",2,2015,9,"Auckland",2,174.6724,-36.9055
"639","N",3,2015,6,"Auckland",2,174.6724,-36.9055
"640","N",4,2015,69,"Auckland",2,174.6724,-36.9055
"641","N",5,2015,67,"Auckland",2,174.6724,-36.9055
"642","N",6,2015,91,"Auckland",2,174.6724,-36.9055
"643","N",7,2015,30,"Auckland",2,174.6724,-36.9055
"644","N",8,2015,94,"Auckland",2,174.6724,-36.9055
"645","N",9,2015,20,"Auckland",2,174.6724,-36.9055
"646","N",10,2015,80,"Auckland",2,174.6724,-36.9055
"647","N",11,2015,22,"Auckland",2,174.6724,-36.9055
"648","N",12,2015,3,"Auckland",2,174.6724,-36.9055
"649","N",1,2016,87,"Auckland",2,174.6724,-36.9055
"650","N",2,2016,69,"Auckland",2,174.6724,-36.9055
"651","N",3,2016,95,"Auckland",2,174.6724,-36.9055
"652","N",4,2016,68,"Auckland",2,174.6724,-36.9055
"653","N",5,2016,85,"Auckland",2,174.6724,-36.9055
"654","N",6,2016,36,"Auckland",2,174.6724,-36.9055
"655","N",7,2016,39,"Auckland",2,174.6724,-36.9055
"656","N",8,2016,57,"Auckland",2,174.6724,-36.9055
"657","N",9,2016,9,"Auckland",2,174.6724,-36.9055
"658","N",10,2016,19,"Auckland",2,174.6724,-36.9055
"659","N",11,2016,59,"Auckland",2,174.6724,-36.9055
"660","N",12,2016,75,"Auckland",2,174.6724,-36.9055
"661","N",1,2017,87,"Auckland",2,174.6724,-36.9055
"662","N",2,2017,37,"Auckland",2,174.6724,-36.9055
"663","N",3,2017,80,"Auckland",2,174.6724,-36.9055
"664","N",4,2017,5,"Auckland",2,174.6724,-36.9055
"665","N",5,2017,62,"Auckland",2,174.6724,-36.9055
"666","N",6,2017,36,"Auckland",2,174.6724,-36.9055
"667","N",7,2017,59,"Auckland",2,174.6724,-36.9055
"668","N",8,2017,92,"Auckland",2,174.6724,-36.9055
"669","N",9,2017,20,"Auckland",2,174.6724,-36.9055
"670","N",10,2017,37,"Auckland",2,174.6724,-36.9055
"671","N",11,2017,67,"Auckland",2,174.6724,-36.9055
"672","N",12,2017,77,"Auckland",2,174.6724,-36.9055
"673","O",1,2014,52,"Bay of Plenty",5,176.1393,-37.6717
"674","O",2,2014,83,"Bay of Plenty",5,176.1393,-37.6717
"675","O",3,2014,53,"Bay of Plenty",5,176.1393,-37.6717
"676","O",4,2014,50,"Bay of Plenty",5,176.1393,-37.6717
"677","O",5,2014,42,"Bay of Plenty",5,176.1393,-37.6717
"678","O",6,2014,36,"Bay of Plenty",5,176.1393,-37.6717
"679","O",7,2014,12,"Bay of Plenty",5,176.1393,-37.6717
"680","O",8,2014,30,"Bay of Plenty",5,176.1393,-37.6717
"681","O",9,2014,27,"Bay of Plenty",5,176.1393,-37.6717
"682","O",10,2014,79,"Bay of Plenty",5,176.1393,-37.6717
"683","O",11,2014,78,"Bay of Plenty",5,176.1393,-37.6717
"684","O",12,2014,14,"Bay of Plenty",5,176.1393,-37.6717
"685","O",1,2015,52,"Bay of Plenty",5,176.1393,-37.6717
"686","O",2,2015,60,"Bay of Plenty",5,176.1393,-37.6717
"687","O",3,2015,51,"Bay of Plenty",5,176.1393,-37.6717
"688","O",4,2015,38,"Bay of Plenty",5,176.1393,-37.6717
"689","O",5,2015,43,"Bay of Plenty",5,176.1393,-37.6717
"690","O",6,2015,1,"Bay of Plenty",5,176.1393,-37.6717
"691","O",7,2015,92,"Bay of Plenty",5,176.1393,-37.6717
"692","O",8,2015,8,"Bay of Plenty",5,176.1393,-37.6717
"693","O",9,2015,51,"Bay of Plenty",5,176.1393,-37.6717
"694","O",10,2015,82,"Bay of Plenty",5,176.1393,-37.6717
"695","O",11,2015,60,"Bay of Plenty",5,176.1393,-37.6717
"696","O",12,2015,42,"Bay of Plenty",5,176.1393,-37.6717
"697","O",1,2016,56,"Bay of Plenty",5,176.1393,-37.6717
"698","O",2,2016,79,"Bay of Plenty",5,176.1393,-37.6717
"699","O",3,2016,16,"Bay of Plenty",5,176.1393,-37.6717
"700","O",4,2016,98,"Bay of Plenty",5,176.1393,-37.6717
"701","O",5,2016,47,"Bay of Plenty",5,176.1393,-37.6717
"702","O",6,2016,93,"Bay of Plenty",5,176.1393,-37.6717
"703","O",7,2016,90,"Bay of Plenty",5,176.1393,-37.6717
"704","O",8,2016,75,"Bay of Plenty",5,176.1393,-37.6717
"705","O",9,2016,68,"Bay of Plenty",5,176.1393,-37.6717
"706","O",10,2016,65,"Bay of Plenty",5,176.1393,-37.6717
"707","O",11,2016,7,"Bay of Plenty",5,176.1393,-37.6717
"708","O",12,2016,42,"Bay of Plenty",5,176.1393,-37.6717
"709","O",1,2017,53,"Bay of Plenty",5,176.1393,-37.6717
"710","O",2,2017,95,"Bay of Plenty",5,176.1393,-37.6717
"711","O",3,2017,71,"Bay of Plenty",5,176.1393,-37.6717
"712","O",4,2017,73,"Bay of Plenty",5,176.1393,-37.6717
"713","O",5,2017,47,"Bay of Plenty",5,176.1393,-37.6717
"714","O",6,2017,12,"Bay of Plenty",5,176.1393,-37.6717
"715","O",7,2017,79,"Bay of Plenty",5,176.1393,-37.6717
"716","O",8,2017,44,"Bay of Plenty",5,176.1393,-37.6717
"717","O",9,2017,43,"Bay of Plenty",5,176.1393,-37.6717
"718","O",10,2017,2,"Bay of Plenty",5,176.1393,-37.6717
"719","O",11,2017,14,"Bay of Plenty",5,176.1393,-37.6717
"720","O",12,2017,42,"Bay of Plenty",5,176.1393,-37.6717
"721","P",1,2014,77,"Canterbury",3,170.1401,-43.5883
"722","P",2,2014,0,"Canterbury",3,170.1401,-43.5883
"723","P",3,2014,60,"Canterbury",3,170.1401,-43.5883
"724","P",4,2014,91,"Canterbury",3,170.1401,-43.5883
"725","P",5,2014,71,"Canterbury",3,170.1401,-43.5883
"726","P",6,2014,26,"Canterbury",3,170.1401,-43.5883
"727","P",7,2014,85,"Canterbury",3,170.1401,-43.5883
"728","P",8,2014,33,"Canterbury",3,170.1401,-43.5883
"729","P",9,2014,58,"Canterbury",3,170.1401,-43.5883
"730","P",10,2014,43,"Canterbury",3,170.1401,-43.5883
"731","P",11,2014,5,"Canterbury",3,170.1401,-43.5883
"732","P",12,2014,73,"Canterbury",3,170.1401,-43.5883
"733","P",1,2015,55,"Canterbury",3,170.1401,-43.5883
"734","P",2,2015,75,"Canterbury",3,170.1401,-43.5883
"735","P",3,2015,5,"Canterbury",3,170.1401,-43.5883
"736","P",4,2015,72,"Canterbury",3,170.1401,-43.5883
"737","P",5,2015,30,"Canterbury",3,170.1401,-43.5883
"738","P",6,2015,28,"Canterbury",3,170.1401,-43.5883
"739","P",7,2015,83,"Canterbury",3,170.1401,-43.5883
"740","P",8,2015,8,"Canterbury",3,170.1401,-43.5883
"741","P",9,2015,4,"Canterbury",3,170.1401,-43.5883
"742","P",10,2015,35,"Canterbury",3,170.1401,-43.5883
"743","P",11,2015,54,"Canterbury",3,170.1401,-43.5883
"744","P",12,2015,61,"Canterbury",3,170.1401,-43.5883
"745","P",1,2016,27,"Canterbury",3,170.1401,-43.5883
"746","P",2,2016,20,"Canterbury",3,170.1401,-43.5883
"747","P",3,2016,38,"Canterbury",3,170.1401,-43.5883
"748","P",4,2016,47,"Canterbury",3,170.1401,-43.5883
"749","P",5,2016,84,"Canterbury",3,170.1401,-43.5883
"750","P",6,2016,12,"Canterbury",3,170.1401,-43.5883
"751","P",7,2016,68,"Canterbury",3,170.1401,-43.5883
"752","P",8,2016,50,"Canterbury",3,170.1401,-43.5883
"753","P",9,2016,91,"Canterbury",3,170.1401,-43.5883
"754","P",10,2016,55,"Canterbury",3,170.1401,-43.5883
"755","P",11,2016,12,"Canterbury",3,170.1401,-43.5883
"756","P",12,2016,44,"Canterbury",3,170.1401,-43.5883
"757","P",1,2017,19,"Canterbury",3,170.1401,-43.5883
"758","P",2,2017,43,"Canterbury",3,170.1401,-43.5883
"759","P",3,2017,22,"Canterbury",3,170.1401,-43.5883
"760","P",4,2017,97,"Canterbury",3,170.1401,-43.5883
"761","P",5,2017,45,"Canterbury",3,170.1401,-43.5883
"762","P",6,2017,78,"Canterbury",3,170.1401,-43.5883
"763","P",7,2017,15,"Canterbury",3,170.1401,-43.5883
"764","P",8,2017,87,"Canterbury",3,170.1401,-43.5883
"765","P",9,2017,20,"Canterbury",3,170.1401,-43.5883
"766","P",10,2017,17,"Canterbury",3,170.1401,-43.5883
"767","P",11,2017,16,"Canterbury",3,170.1401,-43.5883
"768","P",12,2017,57,"Canterbury",3,170.1401,-43.5883
"769","Q",1,2014,73,"Hawke's Bay",4,176.8489,-39.5297
"770","Q",2,2014,88,"Hawke's Bay",4,176.8489,-39.5297
"771","Q",3,2014,71,"Hawke's Bay",4,176.8489,-39.5297
"772","Q",4,2014,48,"Hawke's Bay",4,176.8489,-39.5297
"773","Q",5,2014,82,"Hawke's Bay",4,176.8489,-39.5297
"774","Q",6,2014,1,"Hawke's Bay",4,176.8489,-39.5297
"775","Q",7,2014,100,"Hawke's Bay",4,176.8489,-39.5297
"776","Q",8,2014,64,"Hawke's Bay",4,176.8489,-39.5297
"777","Q",9,2014,43,"Hawke's Bay",4,176.8489,-39.5297
"778","Q",10,2014,2,"Hawke's Bay",4,176.8489,-39.5297
"779","Q",11,2014,76,"Hawke's Bay",4,176.8489,-39.5297
"780","Q",12,2014,21,"Hawke's Bay",4,176.8489,-39.5297
"781","Q",1,2015,100,"Hawke's Bay",4,176.8489,-39.5297
"782","Q",2,2015,91,"Hawke's Bay",4,176.8489,-39.5297
"783","Q",3,2015,71,"Hawke's Bay",4,176.8489,-39.5297
"784","Q",4,2015,73,"Hawke's Bay",4,176.8489,-39.5297
"785","Q",5,2015,47,"Hawke's Bay",4,176.8489,-39.5297
"786","Q",6,2015,87,"Hawke's Bay",4,176.8489,-39.5297
"787","Q",7,2015,16,"Hawke's Bay",4,176.8489,-39.5297
"788","Q",8,2015,62,"Hawke's Bay",4,176.8489,-39.5297
"789","Q",9,2015,29,"Hawke's Bay",4,176.8489,-39.5297
"790","Q",10,2015,46,"Hawke's Bay",4,176.8489,-39.5297
"791","Q",11,2015,4,"Hawke's Bay",4,176.8489,-39.5297
"792","Q",12,2015,17,"Hawke's Bay",4,176.8489,-39.5297
"793","Q",1,2016,5,"Hawke's Bay",4,176.8489,-39.5297
"794","Q",2,2016,95,"Hawke's Bay",4,176.8489,-39.5297
"795","Q",3,2016,34,"Hawke's Bay",4,176.8489,-39.5297
"796","Q",4,2016,52,"Hawke's Bay",4,176.8489,-39.5297
"797","Q",5,2016,63,"Hawke's Bay",4,176.8489,-39.5297
"798","Q",6,2016,23,"Hawke's Bay",4,176.8489,-39.5297
"799","Q",7,2016,52,"Hawke's Bay",4,176.8489,-39.5297
"800","Q",8,2016,81,"Hawke's Bay",4,176.8489,-39.5297
"801","Q",9,2016,35,"Hawke's Bay",4,176.8489,-39.5297
"802","Q",10,2016,86,"Hawke's Bay",4,176.8489,-39.5297
"803","Q",11,2016,3,"Hawke's Bay",4,176.8489,-39.5297
"804","Q",12,2016,98,"Hawke's Bay",4,176.8489,-39.5297
"805","Q",1,2017,75,"Hawke's Bay",4,176.8489,-39.5297
"806","Q",2,2017,27,"Hawke's Bay",4,176.8489,-39.5297
"807","Q",3,2017,68,"Hawke's Bay",4,176.8489,-39.5297
"808","Q",4,2017,35,"Hawke's Bay",4,176.8489,-39.5297
"809","Q",5,2017,95,"Hawke's Bay",4,176.8489,-39.5297
"810","Q",6,2017,34,"Hawke's Bay",4,176.8489,-39.5297
"811","Q",7,2017,3,"Hawke's Bay",4,176.8489,-39.5297
"812","Q",8,2017,35,"Hawke's Bay",4,176.8489,-39.5297
"813","Q",9,2017,39,"Hawke's Bay",4,176.8489,-39.5297
"814","Q",10,2017,36,"Hawke's Bay",4,176.8489,-39.5297
"815","Q",11,2017,96,"Hawke's Bay",4,176.8489,-39.5297
"816","Q",12,2017,38,"Hawke's Bay",4,176.8489,-39.5297
"817","R",1,2014,55,"Manawatu-Wanganui",2,175.6578,-39.1313
"818","R",2,2014,93,"Manawatu-Wanganui",2,175.6578,-39.1313
"819","R",3,2014,92,"Manawatu-Wanganui",2,175.6578,-39.1313
"820","R",4,2014,24,"Manawatu-Wanganui",2,175.6578,-39.1313
"821","R",5,2014,72,"Manawatu-Wanganui",2,175.6578,-39.1313
"822","R",6,2014,35,"Manawatu-Wanganui",2,175.6578,-39.1313
"823","R",7,2014,55,"Manawatu-Wanganui",2,175.6578,-39.1313
"824","R",8,2014,75,"Manawatu-Wanganui",2,175.6578,-39.1313
"825","R",9,2014,82,"Manawatu-Wanganui",2,175.6578,-39.1313
"826","R",10,2014,87,"Manawatu-Wanganui",2,175.6578,-39.1313
"827","R",11,2014,3,"Manawatu-Wanganui",2,175.6578,-39.1313
"828","R",12,2014,22,"Manawatu-Wanganui",2,175.6578,-39.1313
"829","R",1,2015,37,"Manawatu-Wanganui",2,175.6578,-39.1313
"830","R",2,2015,30,"Manawatu-Wanganui",2,175.6578,-39.1313
"831","R",3,2015,73,"Manawatu-Wanganui",2,175.6578,-39.1313
"832","R",4,2015,70,"Manawatu-Wanganui",2,175.6578,-39.1313
"833","R",5,2015,91,"Manawatu-Wanganui",2,175.6578,-39.1313
"834","R",6,2015,85,"Manawatu-Wanganui",2,175.6578,-39.1313
"835","R",7,2015,78,"Manawatu-Wanganui",2,175.6578,-39.1313
"836","R",8,2015,40,"Manawatu-Wanganui",2,175.6578,-39.1313
"837","R",9,2015,58,"Manawatu-Wanganui",2,175.6578,-39.1313
"838","R",10,2015,7,"Manawatu-Wanganui",2,175.6578,-39.1313
"839","R",11,2015,88,"Manawatu-Wanganui",2,175.6578,-39.1313
"840","R",12,2015,96,"Manawatu-Wanganui",2,175.6578,-39.1313
"841","R",1,2016,51,"Manawatu-Wanganui",2,175.6578,-39.1313
"842","R",2,2016,93,"Manawatu-Wanganui",2,175.6578,-39.1313
"843","R",3,2016,13,"Manawatu-Wanganui",2,175.6578,-39.1313
"844","R",4,2016,24,"Manawatu-Wanganui",2,175.6578,-39.1313
"845","R",5,2016,49,"Manawatu-Wanganui",2,175.6578,-39.1313
"846","R",6,2016,47,"Manawatu-Wanganui",2,175.6578,-39.1313
"847","R",7,2016,43,"Manawatu-Wanganui",2,175.6578,-39.1313
"848","R",8,2016,3,"Manawatu-Wanganui",2,175.6578,-39.1313
"849","R",9,2016,65,"Manawatu-Wanganui",2,175.6578,-39.1313
"850","R",10,2016,72,"Manawatu-Wanganui",2,175.6578,-39.1313
"851","R",11,2016,35,"Manawatu-Wanganui",2,175.6578,-39.1313
"852","R",12,2016,95,"Manawatu-Wanganui",2,175.6578,-39.1313
"853","R",1,2017,75,"Manawatu-Wanganui",2,175.6578,-39.1313
"854","R",2,2017,5,"Manawatu-Wanganui",2,175.6578,-39.1313
"855","R",3,2017,99,"Manawatu-Wanganui",2,175.6578,-39.1313
"856","R",4,2017,22,"Manawatu-Wanganui",2,175.6578,-39.1313
"857","R",5,2017,3,"Manawatu-Wanganui",2,175.6578,-39.1313
"858","R",6,2017,26,"Manawatu-Wanganui",2,175.6578,-39.1313
"859","R",7,2017,72,"Manawatu-Wanganui",2,175.6578,-39.1313
"860","R",8,2017,25,"Manawatu-Wanganui",2,175.6578,-39.1313
"861","R",9,2017,23,"Manawatu-Wanganui",2,175.6578,-39.1313
"862","R",10,2017,2,"Manawatu-Wanganui",2,175.6578,-39.1313
"863","R",11,2017,26,"Manawatu-Wanganui",2,175.6578,-39.1313
"864","R",12,2017,69,"Manawatu-Wanganui",2,175.6578,-39.1313
"865","S",1,2014,3,"Northland",3,174.3223,-35.7047
"866","S",2,2014,6,"Northland",3,174.3223,-35.7047
"867","S",3,2014,40,"Northland",3,174.3223,-35.7047
"868","S",4,2014,49,"Northland",3,174.3223,-35.7047
"869","S",5,2014,63,"Northland",3,174.3223,-35.7047
"870","S",6,2014,73,"Northland",3,174.3223,-35.7047
"871","S",7,2014,7,"Northland",3,174.3223,-35.7047
"872","S",8,2014,42,"Northland",3,174.3223,-35.7047
"873","S",9,2014,98,"Northland",3,174.3223,-35.7047
"874","S",10,2014,82,"Northland",3,174.3223,-35.7047
"875","S",11,2014,22,"Northland",3,174.3223,-35.7047
"876","S",12,2014,49,"Northland",3,174.3223,-35.7047
"877","S",1,2015,1,"Northland",3,174.3223,-35.7047
"878","S",2,2015,26,"Northland",3,174.3223,-35.7047
"879","S",3,2015,45,"Northland",3,174.3223,-35.7047
"880","S",4,2015,74,"Northland",3,174.3223,-35.7047
"881","S",5,2015,100,"Northland",3,174.3223,-35.7047
"882","S",6,2015,33,"Northland",3,174.3223,-35.7047
"883","S",7,2015,95,"Northland",3,174.3223,-35.7047
"884","S",8,2015,97,"Northland",3,174.3223,-35.7047
"885","S",9,2015,90,"Northland",3,174.3223,-35.7047
"886","S",10,2015,49,"Northland",3,174.3223,-35.7047
"887","S",11,2015,79,"Northland",3,174.3223,-35.7047
"888","S",12,2015,81,"Northland",3,174.3223,-35.7047
"889","S",1,2016,68,"Northland",3,174.3223,-35.7047
"890","S",2,2016,58,"Northland",3,174.3223,-35.7047
"891","S",3,2016,33,"Northland",3,174.3223,-35.7047
"892","S",4,2016,0,"Northland",3,174.3223,-35.7047
"893","S",5,2016,6,"Northland",3,174.3223,-35.7047
"894","S",6,2016,8,"Northland",3,174.3223,-35.7047
"895","S",7,2016,1,"Northland",3,174.3223,-35.7047
"896","S",8,2016,33,"Northland",3,174.3223,-35.7047
"897","S",9,2016,12,"Northland",3,174.3223,-35.7047
"898","S",10,2016,59,"Northland",3,174.3223,-35.7047
"899","S",11,2016,3,"Northland",3,174.3223,-35.7047
"900","S",12,2016,0,"Northland",3,174.3223,-35.7047
"901","S",1,2017,16,"Northland",3,174.3223,-35.7047
"902","S",2,2017,84,"Northland",3,174.3223,-35.7047
"903","S",3,2017,77,"Northland",3,174.3223,-35.7047
"904","S",4,2017,27,"Northland",3,174.3223,-35.7047
"905","S",5,2017,19,"Northland",3,174.3223,-35.7047
"906","S",6,2017,22,"Northland",3,174.3223,-35.7047
"907","S",7,2017,6,"Northland",3,174.3223,-35.7047
"908","S",8,2017,6,"Northland",3,174.3223,-35.7047
"909","S",9,2017,16,"Northland",3,174.3223,-35.7047
"910","S",10,2017,7,"Northland",3,174.3223,-35.7047
"911","S",11,2017,4,"Northland",3,174.3223,-35.7047
"912","S",12,2017,52,"Northland",3,174.3223,-35.7047
"913","T",1,2014,79,"Otago",4,170.4842,-45.9028
"914","T",2,2014,70,"Otago",4,170.4842,-45.9028
"915","T",3,2014,6,"Otago",4,170.4842,-45.9028
"916","T",4,2014,1,"Otago",4,170.4842,-45.9028
"917","T",5,2014,44,"Otago",4,170.4842,-45.9028
"918","T",6,2014,15,"Otago",4,170.4842,-45.9028
"919","T",7,2014,72,"Otago",4,170.4842,-45.9028
"920","T",8,2014,71,"Otago",4,170.4842,-45.9028
"921","T",9,2014,89,"Otago",4,170.4842,-45.9028
"922","T",10,2014,32,"Otago",4,170.4842,-45.9028
"923","T",11,2014,98,"Otago",4,170.4842,-45.9028
"924","T",12,2014,99,"Otago",4,170.4842,-45.9028
"925","T",1,2015,3,"Otago",4,170.4842,-45.9028
"926","T",2,2015,90,"Otago",4,170.4842,-45.9028
"927","T",3,2015,83,"Otago",4,170.4842,-45.9028
"928","T",4,2015,73,"Otago",4,170.4842,-45.9028
"929","T",5,2015,29,"Otago",4,170.4842,-45.9028
"930","T",6,2015,50,"Otago",4,170.4842,-45.9028
"931","T",7,2015,43,"Otago",4,170.4842,-45.9028
"932","T",8,2015,61,"Otago",4,170.4842,-45.9028
"933","T",9,2015,93,"Otago",4,170.4842,-45.9028
"934","T",10,2015,24,"Otago",4,170.4842,-45.9028
"935","T",11,2015,27,"Otago",4,170.4842,-45.9028
"936","T",12,2015,74,"Otago",4,170.4842,-45.9028
"937","T",1,2016,75,"Otago",4,170.4842,-45.9028
"938","T",2,2016,93,"Otago",4,170.4842,-45.9028
"939","T",3,2016,46,"Otago",4,170.4842,-45.9028
"940","T",4,2016,86,"Otago",4,170.4842,-45.9028
"941","T",5,2016,31,"Otago",4,170.4842,-45.9028
"942","T",6,2016,21,"Otago",4,170.4842,-45.9028
"943","T",7,2016,93,"Otago",4,170.4842,-45.9028
"944","T",8,2016,5,"Otago",4,170.4842,-45.9028
"945","T",9,2016,41,"Otago",4,170.4842,-45.9028
"946","T",10,2016,46,"Otago",4,170.4842,-45.9028
"947","T",11,2016,42,"Otago",4,170.4842,-45.9028
"948","T",12,2016,67,"Otago",4,170.4842,-45.9028
"949","T",1,2017,76,"Otago",4,170.4842,-45.9028
"950","T",2,2017,92,"Otago",4,170.4842,-45.9028
"951","T",3,2017,82,"Otago",4,170.4842,-45.9028
"952","T",4,2017,9,"Otago",4,170.4842,-45.9028
"953","T",5,2017,17,"Otago",4,170.4842,-45.9028
"954","T",6,2017,64,"Otago",4,170.4842,-45.9028
"955","T",7,2017,88,"Otago",4,170.4842,-45.9028
"956","T",8,2017,59,"Otago",4,170.4842,-45.9028
"957","T",9,2017,26,"Otago",4,170.4842,-45.9028
"958","T",10,2017,89,"Otago",4,170.4842,-45.9028
"959","T",11,2017,18,"Otago",4,170.4842,-45.9028
"960","T",12,2017,49,"Otago",4,170.4842,-45.9028
"961","U",1,2014,0,"Southland",5,167.7994,-45.6166
"962","U",2,2014,36,"Southland",5,167.7994,-45.6166
"963","U",3,2014,44,"Southland",5,167.7994,-45.6166
"964","U",4,2014,12,"Southland",5,167.7994,-45.6166
"965","U",5,2014,63,"Southland",5,167.7994,-45.6166
"966","U",6,2014,30,"Southland",5,167.7994,-45.6166
"967","U",7,2014,24,"Southland",5,167.7994,-45.6166
"968","U",8,2014,36,"Southland",5,167.7994,-45.6166
"969","U",9,2014,90,"Southland",5,167.7994,-45.6166
"970","U",10,2014,100,"Southland",5,167.7994,-45.6166
"971","U",11,2014,73,"Southland",5,167.7994,-45.6166
"972","U",12,2014,100,"Southland",5,167.7994,-45.6166
"973","U",1,2015,54,"Southland",5,167.7994,-45.6166
"974","U",2,2015,43,"Southland",5,167.7994,-45.6166
"975","U",3,2015,97,"Southland",5,167.7994,-45.6166
"976","U",4,2015,14,"Southland",5,167.7994,-45.6166
"977","U",5,2015,6,"Southland",5,167.7994,-45.6166
"978","U",6,2015,2,"Southland",5,167.7994,-45.6166
"979","U",7,2015,61,"Southland",5,167.7994,-45.6166
"980","U",8,2015,70,"Southland",5,167.7994,-45.6166
"981","U",9,2015,80,"Southland",5,167.7994,-45.6166
"982","U",10,2015,13,"Southland",5,167.7994,-45.6166
"983","U",11,2015,16,"Southland",5,167.7994,-45.6166
"984","U",12,2015,99,"Southland",5,167.7994,-45.6166
"985","U",1,2016,40,"Southland",5,167.7994,-45.6166
"986","U",2,2016,18,"Southland",5,167.7994,-45.6166
"987","U",3,2016,48,"Southland",5,167.7994,-45.6166
"988","U",4,2016,54,"Southland",5,167.7994,-45.6166
"989","U",5,2016,33,"Southland",5,167.7994,-45.6166
"990","U",6,2016,100,"Southland",5,167.7994,-45.6166
"991","U",7,2016,53,"Southland",5,167.7994,-45.6166
"992","U",8,2016,13,"Southland",5,167.7994,-45.6166
"993","U",9,2016,44,"Southland",5,167.7994,-45.6166
"994","U",10,2016,62,"Southland",5,167.7994,-45.6166
"995","U",11,2016,20,"Southland",5,167.7994,-45.6166
"996","U",12,2016,13,"Southland",5,167.7994,-45.6166
"997","U",1,2017,78,"Southland",5,167.7994,-45.6166
"998","U",2,2017,64,"Southland",5,167.7994,-45.6166
"999","U",3,2017,28,"Southland",5,167.7994,-45.6166
"1000","U",4,2017,19,"Southland",5,167.7994,-45.6166
"1001","U",5,2017,26,"Southland",5,167.7994,-45.6166
"1002","U",6,2017,53,"Southland",5,167.7994,-45.6166
"1003","U",7,2017,69,"Southland",5,167.7994,-45.6166
"1004","U",8,2017,38,"Southland",5,167.7994,-45.6166
"1005","U",9,2017,96,"Southland",5,167.7994,-45.6166
"1006","U",10,2017,11,"Southland",5,167.7994,-45.6166
"1007","U",11,2017,3,"Southland",5,167.7994,-45.6166
"1008","U",12,2017,50,"Southland",5,167.7994,-45.6166
"1009","V",1,2014,58,"Taranaki",2,174.0602,-39.0609
"1010","V",2,2014,84,"Taranaki",2,174.0602,-39.0609
"1011","V",3,2014,66,"Taranaki",2,174.0602,-39.0609
"1012","V",4,2014,95,"Taranaki",2,174.0602,-39.0609
"1013","V",5,2014,51,"Taranaki",2,174.0602,-39.0609
"1014","V",6,2014,8,"Taranaki",2,174.0602,-39.0609
"1015","V",7,2014,100,"Taranaki",2,174.0602,-39.0609
"1016","V",8,2014,40,"Taranaki",2,174.0602,-39.0609
"1017","V",9,2014,90,"Taranaki",2,174.0602,-39.0609
"1018","V",10,2014,88,"Taranaki",2,174.0602,-39.0609
"1019","V",11,2014,29,"Taranaki",2,174.0602,-39.0609
"1020","V",12,2014,13,"Taranaki",2,174.0602,-39.0609
"1021","V",1,2015,26,"Taranaki",2,174.0602,-39.0609
"1022","V",2,2015,0,"Taranaki",2,174.0602,-39.0609
"1023","V",3,2015,82,"Taranaki",2,174.0602,-39.0609
"1024","V",4,2015,17,"Taranaki",2,174.0602,-39.0609
"1025","V",5,2015,85,"Taranaki",2,174.0602,-39.0609
"1026","V",6,2015,16,"Taranaki",2,174.0602,-39.0609
"1027","V",7,2015,77,"Taranaki",2,174.0602,-39.0609
"1028","V",8,2015,52,"Taranaki",2,174.0602,-39.0609
"1029","V",9,2015,27,"Taranaki",2,174.0602,-39.0609
"1030","V",10,2015,34,"Taranaki",2,174.0602,-39.0609
"1031","V",11,2015,71,"Taranaki",2,174.0602,-39.0609
"1032","V",12,2015,59,"Taranaki",2,174.0602,-39.0609
"1033","V",1,2016,47,"Taranaki",2,174.0602,-39.0609
"1034","V",2,2016,33,"Taranaki",2,174.0602,-39.0609
"1035","V",3,2016,97,"Taranaki",2,174.0602,-39.0609
"1036","V",4,2016,65,"Taranaki",2,174.0602,-39.0609
"1037","V",5,2016,19,"Taranaki",2,174.0602,-39.0609
"1038","V",6,2016,36,"Taranaki",2,174.0602,-39.0609
"1039","V",7,2016,51,"Taranaki",2,174.0602,-39.0609
"1040","V",8,2016,89,"Taranaki",2,174.0602,-39.0609
"1041","V",9,2016,15,"Taranaki",2,174.0602,-39.0609
"1042","V",10,2016,23,"Taranaki",2,174.0602,-39.0609
"1043","V",11,2016,16,"Taranaki",2,174.0602,-39.0609
"1044","V",12,2016,62,"Taranaki",2,174.0602,-39.0609
"1045","V",1,2017,50,"Taranaki",2,174.0602,-39.0609
"1046","V",2,2017,19,"Taranaki",2,174.0602,-39.0609
"1047","V",3,2017,41,"Taranaki",2,174.0602,-39.0609
"1048","V",4,2017,58,"Taranaki",2,174.0602,-39.0609
"1049","V",5,2017,31,"Taranaki",2,174.0602,-39.0609
"1050","V",6,2017,48,"Taranaki",2,174.0602,-39.0609
"1051","V",7,2017,94,"Taranaki",2,174.0602,-39.0609
"1052","V",8,2017,4,"Taranaki",2,174.0602,-39.0609
"1053","V",9,2017,54,"Taranaki",2,174.0602,-39.0609
"1054","V",10,2017,44,"Taranaki",2,174.0602,-39.0609
"1055","V",11,2017,91,"Taranaki",2,174.0602,-39.0609
"1056","V",12,2017,88,"Taranaki",2,174.0602,-39.0609
"1057","W",1,2014,16,"Tasman",3,172.8973,-40.7549
"1058","W",2,2014,75,"Tasman",3,172.8973,-40.7549
"1059","W",3,2014,40,"Tasman",3,172.8973,-40.7549
"1060","W",4,2014,56,"Tasman",3,172.8973,-40.7549
"1061","W",5,2014,8,"Tasman",3,172.8973,-40.7549
"1062","W",6,2014,11,"Tasman",3,172.8973,-40.7549
"1063","W",7,2014,93,"Tasman",3,172.8973,-40.7549
"1064","W",8,2014,88,"Tasman",3,172.8973,-40.7549
"1065","W",9,2014,16,"Tasman",3,172.8973,-40.7549
"1066","W",10,2014,53,"Tasman",3,172.8973,-40.7549
"1067","W",11,2014,93,"Tasman",3,172.8973,-40.7549
"1068","W",12,2014,32,"Tasman",3,172.8973,-40.7549
"1069","W",1,2015,16,"Tasman",3,172.8973,-40.7549
"1070","W",2,2015,95,"Tasman",3,172.8973,-40.7549
"1071","W",3,2015,46,"Tasman",3,172.8973,-40.7549
"1072","W",4,2015,22,"Tasman",3,172.8973,-40.7549
"1073","W",5,2015,0,"Tasman",3,172.8973,-40.7549
"1074","W",6,2015,62,"Tasman",3,172.8973,-40.7549
"1075","W",7,2015,40,"Tasman",3,172.8973,-40.7549
"1076","W",8,2015,90,"Tasman",3,172.8973,-40.7549
"1077","W",9,2015,51,"Tasman",3,172.8973,-40.7549
"1078","W",10,2015,97,"Tasman",3,172.8973,-40.7549
"1079","W",11,2015,2,"Tasman",3,172.8973,-40.7549
"1080","W",12,2015,38,"Tasman",3,172.8973,-40.7549
"1081","W",1,2016,39,"Tasman",3,172.8973,-40.7549
"1082","W",2,2016,34,"Tasman",3,172.8973,-40.7549
"1083","W",3,2016,36,"Tasman",3,172.8973,-40.7549
"1084","W",4,2016,64,"Tasman",3,172.8973,-40.7549
"1085","W",5,2016,3,"Tasman",3,172.8973,-40.7549
"1086","W",6,2016,70,"Tasman",3,172.8973,-40.7549
"1087","W",7,2016,82,"Tasman",3,172.8973,-40.7549
"1088","W",8,2016,51,"Tasman",3,172.8973,-40.7549
"1089","W",9,2016,11,"Tasman",3,172.8973,-40.7549
"1090","W",10,2016,91,"Tasman",3,172.8973,-40.7549
"1091","W",11,2016,41,"Tasman",3,172.8973,-40.7549
"1092","W",12,2016,47,"Tasman",3,172.8973,-40.7549
"1093","W",1,2017,72,"Tasman",3,172.8973,-40.7549
"1094","W",2,2017,24,"Tasman",3,172.8973,-40.7549
"1095","W",3,2017,30,"Tasman",3,172.8973,-40.7549
"1096","W",4,2017,71,"Tasman",3,172.8973,-40.7549
"1097","W",5,2017,77,"Tasman",3,172.8973,-40.7549
"1098","W",6,2017,1,"Tasman",3,172.8973,-40.7549
"1099","W",7,2017,55,"Tasman",3,172.8973,-40.7549
"1100","W",8,2017,65,"Tasman",3,172.8973,-40.7549
"1101","W",9,2017,94,"Tasman",3,172.8973,-40.7549
"1102","W",10,2017,69,"Tasman",3,172.8973,-40.7549
"1103","W",11,2017,25,"Tasman",3,172.8973,-40.7549
"1104","W",12,2017,41,"Tasman",3,172.8973,-40.7549
"1105","X",1,2014,12,"Waikato",2,174.9584,-38.4301
"1106","X",2,2014,13,"Waikato",2,174.9584,-38.4301
"1107","X",3,2014,64,"Waikato",2,174.9584,-38.4301
"1108","X",4,2014,34,"Waikato",2,174.9584,-38.4301
"1109","X",5,2014,42,"Waikato",2,174.9584,-38.4301
"1110","X",6,2014,94,"Waikato",2,174.9584,-38.4301
"1111","X",7,2014,38,"Waikato",2,174.9584,-38.4301
"1112","X",8,2014,23,"Waikato",2,174.9584,-38.4301
"1113","X",9,2014,69,"Waikato",2,174.9584,-38.4301
"1114","X",10,2014,0,"Waikato",2,174.9584,-38.4301
"1115","X",11,2014,69,"Waikato",2,174.9584,-38.4301
"1116","X",12,2014,79,"Waikato",2,174.9584,-38.4301
"1117","X",1,2015,51,"Waikato",2,174.9584,-38.4301
"1118","X",2,2015,31,"Waikato",2,174.9584,-38.4301
"1119","X",3,2015,74,"Waikato",2,174.9584,-38.4301
"1120","X",4,2015,30,"Waikato",2,174.9584,-38.4301
"1121","X",5,2015,78,"Waikato",2,174.9584,-38.4301
"1122","X",6,2015,11,"Waikato",2,174.9584,-38.4301
"1123","X",7,2015,80,"Waikato",2,174.9584,-38.4301
"1124","X",8,2015,49,"Waikato",2,174.9584,-38.4301
"1125","X",9,2015,84,"Waikato",2,174.9584,-38.4301
"1126","X",10,2015,76,"Waikato",2,174.9584,-38.4301
"1127","X",11,2015,91,"Waikato",2,174.9584,-38.4301
"1128","X",12,2015,28,"Waikato",2,174.9584,-38.4301
"1129","X",1,2016,45,"Waikato",2,174.9584,-38.4301
"1130","X",2,2016,27,"Waikato",2,174.9584,-38.4301
"1131","X",3,2016,33,"Waikato",2,174.9584,-38.4301
"1132","X",4,2016,87,"Waikato",2,174.9584,-38.4301
"1133","X",5,2016,11,"Waikato",2,174.9584,-38.4301
"1134","X",6,2016,40,"Waikato",2,174.9584,-38.4301
"1135","X",7,2016,41,"Waikato",2,174.9584,-38.4301
"1136","X",8,2016,37,"Waikato",2,174.9584,-38.4301
"1137","X",9,2016,17,"Waikato",2,174.9584,-38.4301
"1138","X",10,2016,26,"Waikato",2,174.9584,-38.4301
"1139","X",11,2016,66,"Waikato",2,174.9584,-38.4301
"1140","X",12,2016,82,"Waikato",2,174.9584,-38.4301
"1141","X",1,2017,42,"Waikato",2,174.9584,-38.4301
"1142","X",2,2017,16,"Waikato",2,174.9584,-38.4301
"1143","X",3,2017,29,"Waikato",2,174.9584,-38.4301
"1144","X",4,2017,81,"Waikato",2,174.9584,-38.4301
"1145","X",5,2017,16,"Waikato",2,174.9584,-38.4301
"1146","X",6,2017,79,"Waikato",2,174.9584,-38.4301
"1147","X",7,2017,52,"Waikato",2,174.9584,-38.4301
"1148","X",8,2017,32,"Waikato",2,174.9584,-38.4301
"1149","X",9,2017,27,"Waikato",2,174.9584,-38.4301
"1150","X",10,2017,80,"Waikato",2,174.9584,-38.4301
"1151","X",11,2017,10,"Waikato",2,174.9584,-38.4301
"1152","X",12,2017,84,"Waikato",2,174.9584,-38.4301
"1153","Y",1,2014,8,"Wellington",3,174.7647,-41.288
"1154","Y",2,2014,72,"Wellington",3,174.7647,-41.288
"1155","Y",3,2014,87,"Wellington",3,174.7647,-41.288
"1156","Y",4,2014,98,"Wellington",3,174.7647,-41.288
"1157","Y",5,2014,25,"Wellington",3,174.7647,-41.288
"1158","Y",6,2014,2,"Wellington",3,174.7647,-41.288
"1159","Y",7,2014,22,"Wellington",3,174.7647,-41.288
"1160","Y",8,2014,12,"Wellington",3,174.7647,-41.288
"1161","Y",9,2014,38,"Wellington",3,174.7647,-41.288
"1162","Y",10,2014,8,"Wellington",3,174.7647,-41.288
"1163","Y",11,2014,28,"Wellington",3,174.7647,-41.288
"1164","Y",12,2014,57,"Wellington",3,174.7647,-41.288
"1165","Y",1,2015,33,"Wellington",3,174.7647,-41.288
"1166","Y",2,2015,95,"Wellington",3,174.7647,-41.288
"1167","Y",3,2015,38,"Wellington",3,174.7647,-41.288
"1168","Y",4,2015,96,"Wellington",3,174.7647,-41.288
"1169","Y",5,2015,27,"Wellington",3,174.7647,-41.288
"1170","Y",6,2015,69,"Wellington",3,174.7647,-41.288
"1171","Y",7,2015,13,"Wellington",3,174.7647,-41.288
"1172","Y",8,2015,81,"Wellington",3,174.7647,-41.288
"1173","Y",9,2015,77,"Wellington",3,174.7647,-41.288
"1174","Y",10,2015,44,"Wellington",3,174.7647,-41.288
"1175","Y",11,2015,46,"Wellington",3,174.7647,-41.288
"1176","Y",12,2015,68,"Wellington",3,174.7647,-41.288
"1177","Y",1,2016,7,"Wellington",3,174.7647,-41.288
"1178","Y",2,2016,65,"Wellington",3,174.7647,-41.288
"1179","Y",3,2016,79,"Wellington",3,174.7647,-41.288
"1180","Y",4,2016,22,"Wellington",3,174.7647,-41.288
"1181","Y",5,2016,4,"Wellington",3,174.7647,-41.288
"1182","Y",6,2016,38,"Wellington",3,174.7647,-41.288
"1183","Y",7,2016,34,"Wellington",3,174.7647,-41.288
"1184","Y",8,2016,45,"Wellington",3,174.7647,-41.288
"1185","Y",9,2016,39,"Wellington",3,174.7647,-41.288
"1186","Y",10,2016,92,"Wellington",3,174.7647,-41.288
"1187","Y",11,2016,17,"Wellington",3,174.7647,-41.288
"1188","Y",12,2016,15,"Wellington",3,174.7647,-41.288
"1189","Y",1,2017,61,"Wellington",3,174.7647,-41.288
"1190","Y",2,2017,1,"Wellington",3,174.7647,-41.288
"1191","Y",3,2017,6,"Wellington",3,174.7647,-41.288
"1192","Y",4,2017,78,"Wellington",3,174.7647,-41.288
"1193","Y",5,2017,94,"Wellington",3,174.7647,-41.288
"1194","Y",6,2017,20,"Wellington",3,174.7647,-41.288
"1195","Y",7,2017,64,"Wellington",3,174.7647,-41.288
"1196","Y",8,2017,33,"Wellington",3,174.7647,-41.288
"1197","Y",9,2017,96,"Wellington",3,174.7647,-41.288
"1198","Y",10,2017,82,"Wellington",3,174.7647,-41.288
"1199","Y",11,2017,74,"Wellington",3,174.7647,-41.288
"1200","Y",12,2017,22,"Wellington",3,174.7647,-41.288
"1201","Z",1,2014,4,"West Coast",5,171.8157,-41.9461
"1202","Z",2,2014,37,"West Coast",5,171.8157,-41.9461
"1203","Z",3,2014,74,"West Coast",5,171.8157,-41.9461
"1204","Z",4,2014,94,"West Coast",5,171.8157,-41.9461
"1205","Z",5,2014,67,"West Coast",5,171.8157,-41.9461
"1206","Z",6,2014,70,"West Coast",5,171.8157,-41.9461
"1207","Z",7,2014,85,"West Coast",5,171.8157,-41.9461
"1208","Z",8,2014,71,"West Coast",5,171.8157,-41.9461
"1209","Z",9,2014,86,"West Coast",5,171.8157,-41.9461
"1210","Z",10,2014,45,"West Coast",5,171.8157,-41.9461
"1211","Z",11,2014,68,"West Coast",5,171.8157,-41.9461
"1212","Z",12,2014,12,"West Coast",5,171.8157,-41.9461
"1213","Z",1,2015,74,"West Coast",5,171.8157,-41.9461
"1214","Z",2,2015,6,"West Coast",5,171.8157,-41.9461
"1215","Z",3,2015,28,"West Coast",5,171.8157,-41.9461
"1216","Z",4,2015,41,"West Coast",5,171.8157,-41.9461
"1217","Z",5,2015,95,"West Coast",5,171.8157,-41.9461
"1218","Z",6,2015,98,"West Coast",5,171.8157,-41.9461
"1219","Z",7,2015,3,"West Coast",5,171.8157,-41.9461
"1220","Z",8,2015,59,"West Coast",5,171.8157,-41.9461
"1221","Z",9,2015,3,"West Coast",5,171.8157,-41.9461
"1222","Z",10,2015,57,"West Coast",5,171.8157,-41.9461
"1223","Z",11,2015,9,"West Coast",5,171.8157,-41.9461
"1224","Z",12,2015,63,"West Coast",5,171.8157,-41.9461
"1225","Z",1,2016,82,"West Coast",5,171.8157,-41.9461
"1226","Z",2,2016,35,"West Coast",5,171.8157,-41.9461
"1227","Z",3,2016,13,"West Coast",5,171.8157,-41.9461
"1228","Z",4,2016,8,"West Coast",5,171.8157,-41.9461
"1229","Z",5,2016,35,"West Coast",5,171.8157,-41.9461
"1230","Z",6,2016,100,"West Coast",5,171.8157,-41.9461
"1231","Z",7,2016,53,"West Coast",5,171.8157,-41.9461
"1232","Z",8,2016,33,"West Coast",5,171.8157,-41.9461
"1233","Z",9,2016,31,"West Coast",5,171.8157,-41.9461
"1234","Z",10,2016,38,"West Coast",5,171.8157,-41.9461
"1235","Z",11,2016,1,"West Coast",5,171.8157,-41.9461
"1236","Z",12,2016,3,"West Coast",5,171.8157,-41.9461
"1237","Z",1,2017,88,"West Coast",5,171.8157,-41.9461
"1238","Z",2,2017,40,"West Coast",5,171.8157,-41.9461
"1239","Z",3,2017,47,"West Coast",5,171.8157,-41.9461
"1240","Z",4,2017,40,"West Coast",5,171.8157,-41.9461
"1241","Z",5,2017,70,"West Coast",5,171.8157,-41.9461
"1242","Z",6,2017,40,"West Coast",5,171.8157,-41.9461
"1243","Z",7,2017,50,"West Coast",5,171.8157,-41.9461
"1244","Z",8,2017,3,"West Coast",5,171.8157,-41.9461
"1245","Z",9,2017,30,"West Coast",5,171.8157,-41.9461
"1246","Z",10,2017,97,"West Coast",5,171.8157,-41.9461
"1247","Z",11,2017,54,"West Coast",5,171.8157,-41.9461
"1248","Z",12,2017,97,"West Coast",5,171.8157,-41.9461
